first_name,last_name,email,gender,country
Banky,Domange,bdomange0@state.gov,M,PS
Geoffrey,Ramlot,gramlot1@uiuc.edu,M,RU
Anne-marie,Greig,agreig2@cocolog-nifty.com,F,BR
Sherie,Lulham,slulham3@redcross.org,F,UA
Moss,Lucey,mlucey4@wunderground.com,M,CA
Glyn,Skillen,gskillen5@unc.edu,F,MX
Lynn,Brightman,lbrightman6@sciencedirect.com,F,PL
Boy,Cobbin,bcobbin7@msn.com,M,ID
Doralyn,Pascow,dpascow8@wordpress.com,F,ID
Armstrong,Ingerith,aingerith9@tamu.edu,M,PT
Greggory,Mussett,gmussetta@patch.com,M,VN
Miof mela,Pourvoieur,mpourvoieurb@pcworld.com,F,PL
Chas,Dumberrill,cdumberrillc@weibo.com,M,JP
Blythe,Gabbott,bgabbottd@odnoklassniki.ru,F,SE
Siana,Barbier,sbarbiere@miitbeian.gov.cn,F,EC
Larisa,Darwood,ldarwoodf@over-blog.com,F,CN
Kristos,Barstowk,kbarstowkg@altervista.org,M,NG
Early,Dougal,edougalh@goodreads.com,M,ID
Dermot,Mallindine,dmallindinei@myspace.com,M,ID
Randi,Schooling,rschoolingj@angelfire.com,F,SI
Ferrel,Reedyhough,freedyhoughk@g.co,M,CO
Holden,Mustchin,hmustchinl@symantec.com,M,GH
Carroll,Wellington,cwellingtonm@redcross.org,M,MG
Hew,Muncie,hmuncien@amazonaws.com,M,ID
Rollins,Andryushchenko,randryushchenkoo@seattletimes.com,M,RU
Emilie,Hencke,ehenckep@bluehost.com,F,CU
Clementina,Powley,cpowleyq@example.com,F,BG
August,Blackadder,ablackadderr@live.com,M,FR
Emmott,Westlake,ewestlakes@sogou.com,M,SE
Daveen,Joburn,djoburnt@jiathis.com,F,CN
Ceciley,Legerwood,clegerwoodu@boston.com,F,CN
Tracey,Allain,tallainv@people.com.cn,M,PH
Maximilien,Weatherley,mweatherleyw@godaddy.com,M,SE
Teodora,Cochet,tcochetx@ning.com,F,LK
Tibold,Feighry,tfeighryy@foxnews.com,M,MV
Rollins,Heustace,rheustacez@unicef.org,M,CA
Padriac,Frentz,pfrentz10@hexun.com,M,JP
Kyle,Bodicum,kbodicum11@utexas.edu,F,CZ
Verney,Elrick,velrick12@smugmug.com,M,CN
Mabelle,Jerrold,mjerrold13@icio.us,F,GB
Augy,Grimshaw,agrimshaw14@sina.com.cn,M,ID
Trina,Kenwell,tkenwell15@t.co,F,ID
Alfonse,Gavaghan,agavaghan16@accuweather.com,M,CN
Foss,Cattrall,fcattrall17@360.cn,M,CN
Anatola,Knoles,aknoles18@eventbrite.com,F,CN
Essy,Lindop,elindop19@hp.com,F,CN
Lucine,Whicher,lwhicher1a@123-reg.co.uk,F,BR
Christina,Yeatman,cyeatman1b@furl.net,F,LV
Xymenes,Rivel,xrivel1c@163.com,M,SE
Angele,Garlinge,agarlinge1d@eepurl.com,F,RU
Chere,Roomes,croomes1e@wisc.edu,F,RS
Tallie,Brayford,tbrayford1f@blogspot.com,F,LB
Gustie,Gartrell,ggartrell1g@biglobe.ne.jp,F,MN
Olenka,Reyna,oreyna1h@angelfire.com,F,BE
Armand,Deacock,adeacock1i@devhub.com,M,SE
Aurelia,Mauditt,amauditt1j@walmart.com,F,CN
Stacia,Beedell,sbeedell1k@google.fr,F,PA
Lyn,Snooks,lsnooks1l@google.co.uk,F,FR
Jillene,Ovitts,jovitts1m@independent.co.uk,F,US
Carolin,Aughtie,caughtie1n@java.com,F,RU
Helen-elizabeth,Murrell,hmurrell1o@e-recht24.de,F,ID
Dale,Dawley,ddawley1p@ameblo.jp,M,ML
Trudy,Fehely,tfehely1q@mediafire.com,F,MY
Loralyn,Connolly,lconnolly1r@wired.com,F,ID
Elyse,Jedrzejewsky,ejedrzejewsky1s@trellian.com,F,ID
Vincenty,Hugues,vhugues1t@jigsy.com,M,SI
Godfree,Nassi,gnassi1u@issuu.com,M,CV
Linnell,Atkyns,latkyns1v@about.com,F,AL
Abra,Kiley,akiley1w@theguardian.com,F,ID
Gerti,Caulder,gcaulder1x@forbes.com,F,BR
Ryley,Gepson,rgepson1y@bluehost.com,M,CZ
Phebe,Thelwll,pthelwll1z@google.it,F,PH
Binny,Affron,baffron20@theatlantic.com,F,CN
Gerrard,Hallowes,ghallowes21@youtube.com,M,NG
Nevile,Leveritt,nleveritt22@umn.edu,M,CN
Chrissy,Archbold,carchbold23@icq.com,F,CN
Constantine,Cabrara,ccabrara24@japanpost.jp,M,SY
Hobie,Christofle,hchristofle25@cbslocal.com,M,BR
Vivian,Izkovitch,vizkovitch26@webs.com,F,NO
Kimball,McGow,kmcgow27@mysql.com,M,PH
Tristam,Fincher,tfincher28@theguardian.com,M,BR
Keelby,Elwin,kelwin29@mozilla.com,M,ID
Freedman,Hagger,fhagger2a@wikimedia.org,M,RU
Celinka,Ballintime,cballintime2b@home.pl,F,ID
Gayler,Jacob,gjacob2c@statcounter.com,M,BR
Bren,Logue,blogue2d@geocities.com,F,XK
Quentin,Donaho,qdonaho2e@economist.com,F,CN
Viviana,Remirez,vremirez2f@japanpost.jp,F,UA
Haleigh,Batt,hbatt2g@go.com,F,PH
Ellene,Dand,edand2h@blogger.com,F,CN
Humbert,Ramstead,hramstead2i@ovh.net,M,PH
Honoria,Kenna,hkenna2j@wufoo.com,F,CZ
Brittany,Bremond,bbremond2k@noaa.gov,F,LV
Klarrisa,Joselevitz,kjoselevitz2l@zimbio.com,F,CN
Arabelle,Mazzia,amazzia2m@ucsd.edu,F,CN
Isidora,Alpine,ialpine2n@sbwire.com,F,CN
Ceciley,Brettell,cbrettell2o@wisc.edu,F,ID
Amalee,Wildish,awildish2p@jigsy.com,F,LA
Almira,Kainz,akainz2q@creativecommons.org,F,PL
Andrus,Emeney,aemeney2r@odnoklassniki.ru,M,JP
Brittni,Staig,bstaig2s@cocolog-nifty.com,F,CN
Melessa,Terbeek,mterbeek2t@cbc.ca,F,LT
Kellyann,Sheen,ksheen2u@cbsnews.com,F,AR
Gerick,Scay,gscay2v@senate.gov,M,RU
Lauralee,Kingswood,lkingswood2w@earthlink.net,F,SE
Pancho,Chesworth,pchesworth2x@usnews.com,M,AR
Laina,Gounin,lgounin2y@yahoo.com,F,SE
Odelle,Jelleman,ojelleman2z@unicef.org,F,RU
Trueman,Deans,tdeans30@google.com.au,M,PL
Fredek,Letixier,fletixier31@taobao.com,M,CN
Abbe,Gravell,agravell32@howstuffworks.com,F,PT
Wyatan,Najara,wnajara33@sakura.ne.jp,M,FR
Patrick,Dorey,pdorey34@mapquest.com,M,HT
Ollie,Pie,opie35@princeton.edu,M,PL
Hansiain,Donohoe,hdonohoe36@wired.com,M,PT
Olag,Praill,opraill37@google.cn,M,CN
Judi,Classen,jclassen38@bizjournals.com,F,ID
Tammara,Orrett,torrett39@wired.com,F,AR
Alfred,Cundey,acundey3a@phpbb.com,M,ID
Sampson,Twittey,stwittey3b@umich.edu,M,NI
Patin,Andrivot,pandrivot3c@stanford.edu,M,KZ
Mireille,Nockalls,mnockalls3d@altervista.org,F,ID
Ramsay,Ketchell,rketchell3e@over-blog.com,M,MX
Serene,Degenhardt,sdegenhardt3f@rakuten.co.jp,F,NG
Langsdon,Gambie,lgambie3g@vinaora.com,M,VN
Liuka,Gilbride,lgilbride3h@paginegialle.it,F,CN
Hunfredo,Armfirld,harmfirld3i@cnbc.com,M,CN
Davon,Edinburgh,dedinburgh3j@1688.com,M,ID
Marijn,Beckey,mbeckey3k@flickr.com,M,PK
Vinnie,Pitbladdo,vpitbladdo3l@posterous.com,M,CN
Porty,Downing,pdowning3m@icio.us,M,KR
Hewie,Brownjohn,hbrownjohn3n@techcrunch.com,M,CN
Anastasia,Laddle,aladdle3o@mozilla.com,F,US
Bobinette,Farquarson,bfarquarson3p@goodreads.com,F,CN
Barbara-anne,Ludwikiewicz,bludwikiewicz3q@ox.ac.uk,F,CN
Simona,Purveys,spurveys3r@cbslocal.com,F,IR
Matteo,Marquet,mmarquet3s@issuu.com,M,ID
Gus,McCleary,gmccleary3t@shareasale.com,M,ID
Cesaro,Paquet,cpaquet3u@linkedin.com,M,NG
Thaine,Courtney,tcourtney3v@webeden.co.uk,M,ID
Sheri,Stanway,sstanway3w@mapquest.com,F,UA
Murry,Dahlborg,mdahlborg3x@shareasale.com,M,CN
Bernard,Spencley,bspencley3y@reverbnation.com,M,CL
Lou,Stichel,lstichel3z@facebook.com,F,PL
Thekla,Pease,tpease40@fc2.com,F,ID
Juan,Dorgon,jdorgon41@jiathis.com,M,MN
Rafa,Keme,rkeme42@nifty.com,F,MZ
Dolf,Uzielli,duzielli43@google.de,M,UZ
Antin,Kalberer,akalberer44@gravatar.com,M,ID
Carlin,Cobbledick,ccobbledick45@shareasale.com,F,PH
Monty,Lanfer,mlanfer46@gov.uk,M,CN
Gib,Muldoon,gmuldoon47@cargocollective.com,M,CN
Skell,Start,sstart48@mozilla.org,M,ID
Rebeca,Littledyke,rlittledyke49@stanford.edu,F,CG
Shalne,Cassius,scassius4a@shareasale.com,F,CN
Goldie,Sivyour,gsivyour4b@theglobeandmail.com,F,PT
Salome,Bear,sbear4c@nymag.com,F,MA
Maye,Cattroll,mcattroll4d@nyu.edu,F,AZ
Celina,Medina,cmedina4e@lulu.com,F,FR
Petra,Wysome,pwysome4f@mapy.cz,F,PT
Niki,Benns,nbenns4g@wix.com,M,UA
Obed,Colgrave,ocolgrave4h@imdb.com,M,CN
Ignacio,Giacopini,igiacopini4i@miibeian.gov.cn,M,ML
Beckie,Swinford,bswinford4j@elegantthemes.com,F,UA
Wenda,Krolle,wkrolle4k@linkedin.com,F,FR
Lily,Hoff,lhoff4l@posterous.com,F,NI
Sheila-kathryn,Allso,sallso4m@msn.com,F,PH
Caprice,Phillis,cphillis4n@newsvine.com,F,BR
Baldwin,Holyard,bholyard4o@deviantart.com,M,RU
Tara,Vanyushin,tvanyushin4p@nba.com,F,SE
Had,Pulham,hpulham4q@japanpost.jp,M,AF
Bill,Paramore,bparamore4r@columbia.edu,M,BR
Mattie,Crosfield,mcrosfield4s@wikimedia.org,M,UA
Timoteo,Carrel,tcarrel4t@ibm.com,M,AO
Nappy,Pidcock,npidcock4u@technorati.com,M,IR
Corabella,Sturr,csturr4v@myspace.com,F,MY
Nanci,Torrese,ntorrese4w@upenn.edu,F,CA
Freddie,Pennigar,fpennigar4x@pagesperso-orange.fr,F,CN
Ado,Jahncke,ajahncke4y@whitehouse.gov,M,PT
Paula,Sore,psore4z@census.gov,F,AM
Thibaut,Chesman,tchesman50@ft.com,M,ID
Willis,Tummond,wtummond51@adobe.com,M,AM
Grantham,Verma,gverma52@mozilla.com,M,BF
Wilhelmina,Stebbings,wstebbings53@google.com.br,F,HR
Kit,De Mico,kdemico54@nymag.com,M,GH
Kayle,Brockelsby,kbrockelsby55@cornell.edu,F,IL
Camey,Alonso,calonso56@hatena.ne.jp,M,BD
Lisetta,Tratton,ltratton57@earthlink.net,F,RU
Valentine,Dallimore,vdallimore58@cdbaby.com,M,GR
Vernen,Lindstrom,vlindstrom59@g.co,M,IL
Darrelle,Hulse,dhulse5a@cnet.com,F,LU
Edith,Priden,epriden5b@economist.com,F,TH
Stirling,Gingell,sgingell5c@marketwatch.com,M,TH
Grange,Aldam,galdam5d@senate.gov,M,CN
Bradney,Johansson,bjohansson5e@fema.gov,M,CN
Eryn,Ingolotti,eingolotti5f@bloomberg.com,F,KM
Katerina,Iseton,kiseton5g@fc2.com,F,CN
Goddart,Josupeit,gjosupeit5h@engadget.com,M,CN
Lauren,Tubble,ltubble5i@surveymonkey.com,M,SE
Babs,Copnar,bcopnar5j@sina.com.cn,F,EE
Giffard,Cully,gcully5k@multiply.com,M,MA
Sabrina,Ciciari,sciciari5l@ow.ly,F,AM
Bat,Phetteplace,bphetteplace5m@earthlink.net,M,GR
Romeo,Bruggeman,rbruggeman5n@china.com.cn,M,CN
Shannan,Drowsfield,sdrowsfield5o@home.pl,M,CN
Cloris,Confait,cconfait5p@umich.edu,F,NG
Mackenzie,Durak,mdurak5q@oaic.gov.au,M,BO
Solomon,Dobble,sdobble5r@nydailynews.com,M,CN
Marlee,Littleton,mlittleton5s@photobucket.com,F,NG
Montague,Rawlinson,mrawlinson5t@arstechnica.com,M,GR
Johnny,Bourget,jbourget5u@lulu.com,M,CZ
Cole,Harradence,charradence5v@europa.eu,M,BD
Sheila,Schwant,sschwant5w@nature.com,F,ID
Sholom,Iskowitz,siskowitz5x@prnewswire.com,M,AF
Egan,Worster,eworster5y@unesco.org,M,US
Enriqueta,Godlee,egodlee5z@netvibes.com,F,AF
Loren,Jaeggi,ljaeggi60@theglobeandmail.com,F,UY
Norman,Shuard,nshuard61@prweb.com,M,PL
Beatrix,Antyukhin,bantyukhin62@tinyurl.com,F,US
Xenos,Claibourn,xclaibourn63@google.it,M,FR
Roshelle,Buzin,rbuzin64@soundcloud.com,F,CN
Joana,Tiernan,jtiernan65@stanford.edu,F,JP
Ryan,Kermath,rkermath66@fastcompany.com,M,CN
Lisette,Thurbon,lthurbon67@utexas.edu,F,BY
Herschel,Elvy,helvy68@vkontakte.ru,M,US
Artemus,Ortes,aortes69@ycombinator.com,M,MN
Sacha,Greenfield,sgreenfield6a@psu.edu,F,SE
Vinni,Zanettini,vzanettini6b@economist.com,F,FI
Corrinne,Matuszak,cmatuszak6c@salon.com,F,GE
Darrell,Forri,dforri6d@wordpress.com,M,CZ
Beth,Saffin,bsaffin6e@over-blog.com,F,RU
Carita,Thamelt,cthamelt6f@lycos.com,F,PH
Lynn,Amber,lamber6g@google.co.jp,M,SM
Maryl,Tanslie,mtanslie6h@dell.com,F,US
Doro,Senten,dsenten6i@slashdot.org,F,SE
Jasun,Biss,jbiss6j@statcounter.com,M,PT
Kesley,Beasleigh,kbeasleigh6k@wordpress.com,F,EG
Alonso,Challes,achalles6l@networksolutions.com,M,BR
Lambert,Coaster,lcoaster6m@feedburner.com,M,CN
Benedicta,Readmire,breadmire6n@marketwatch.com,F,ID
Carlyle,Dellenty,cdellenty6o@shareasale.com,M,HR
Sandy,Spurret,sspurret6p@ucla.edu,M,PL
Verina,Padbury,vpadbury6q@nbcnews.com,F,MA
Anthia,Tuxell,atuxell6r@typepad.com,F,NG
Whitman,Mellonby,wmellonby6s@nsw.gov.au,M,KE
Kati,Sueter,ksueter6t@themeforest.net,F,BG
Deanne,Micheli,dmicheli6u@facebook.com,F,PE
Benjamin,Gravie,bgravie6v@ihg.com,M,BA
Carlyle,Aldrich,caldrich6w@netlog.com,M,PL
Reilly,Bullene,rbullene6x@squidoo.com,M,CU
Othilie,Leaney,oleaney6y@linkedin.com,F,CN
Sibby,Klemenz,sklemenz6z@noaa.gov,F,CN
Page,Sommerscales,psommerscales70@huffingtonpost.com,M,CN
Dagmar,Hantusch,dhantusch71@symantec.com,F,RU
Chilton,Clemens,cclemens72@joomla.org,M,ID
Sergeant,Driffe,sdriffe73@rambler.ru,M,AR
Cher,Kolodziejski,ckolodziejski74@skype.com,F,MX
Alexa,Jelleman,ajelleman75@amazon.com,F,ID
Aili,Colam,acolam76@comcast.net,F,CN
Duffie,Collett,dcollett77@howstuffworks.com,M,ID
Etta,Segot,esegot78@sogou.com,F,CN
Lenka,Poag,lpoag79@ucoz.ru,F,LI
Edmon,Rugg,erugg7a@google.com.hk,M,CN
Kinsley,Jessep,kjessep7b@apple.com,M,AF
Mathias,Harte,mharte7c@nytimes.com,M,CN
Gardiner,Leaburn,gleaburn7d@accuweather.com,M,KR
Benedicta,Swate,bswate7e@samsung.com,F,PH
Russ,Emmot,remmot7f@foxnews.com,M,ID
Jodie,Beel,jbeel7g@163.com,M,AM
Mona,Sollner,msollner7h@state.tx.us,F,CN
Lainey,Tsar,ltsar7i@dyndns.org,F,CZ
Ansell,Skipton,askipton7j@mozilla.com,M,CN
Siusan,Cowern,scowern7k@wp.com,F,CN
Jennie,Quinnelly,jquinnelly7l@plala.or.jp,F,ID
Dianne,Blackburne,dblackburne7m@cnbc.com,F,IE
Dare,Miebes,dmiebes7n@economist.com,M,RU
Engracia,Burehill,eburehill7o@comcast.net,F,FI
Collie,Jervoise,cjervoise7p@qq.com,F,CI
Mallorie,Atkinson,matkinson7q@dion.ne.jp,F,DJ
Cassandra,Smickle,csmickle7r@pinterest.com,F,CA
Bronson,Jahncke,bjahncke7s@bandcamp.com,M,PH
Dian,Feakins,dfeakins7t@nationalgeographic.com,F,CO
Dalenna,Flacknoe,dflacknoe7u@google.es,F,PH
Maurise,Creddon,mcreddon7v@miibeian.gov.cn,M,CN
Lanae,Northam,lnortham7w@bbc.co.uk,F,FR
Mano,Burkhill,mburkhill7x@economist.com,M,TH
Lev,Dillingstone,ldillingstone7y@wikimedia.org,M,ID
Isaac,Brittlebank,ibrittlebank7z@example.com,M,SE
Irena,Gadsden,igadsden80@dagondesign.com,F,UZ
Tommi,Grinaway,tgrinaway81@chron.com,F,BR
Reena,Hawe,rhawe82@phoca.cz,F,MA
Charlot,Herety,cherety83@shareasale.com,F,CN
Vin,Placstone,vplacstone84@discovery.com,M,FR
Eustacia,Pau,epau85@dedecms.com,F,TN
Dari,Vero,dvero86@storify.com,F,AM
Judy,Petrovsky,jpetrovsky87@buzzfeed.com,F,PH
Aleen,Ivakhno,aivakhno88@angelfire.com,F,AF
Marlo,Gooley,mgooley89@reddit.com,F,CL
Peggi,Helleckas,phelleckas8a@netlog.com,F,ZA
Melesa,Fallanche,mfallanche8b@adobe.com,F,SI
Carleton,Ironmonger,cironmonger8c@blogspot.com,M,CN
Lynda,Roddick,lroddick8d@hostgator.com,F,NA
Adena,Enrico,aenrico8e@newsvine.com,F,VE
Dickie,Tidd,dtidd8f@nydailynews.com,M,CN
Jobi,Inder,jinder8g@hud.gov,F,JP
Zacharie,Oliveti,zoliveti8h@prnewswire.com,M,CL
Florance,Probyn,fprobyn8i@sun.com,F,CA
Ryun,Stigger,rstigger8j@vimeo.com,M,CN
Amye,Stanaway,astanaway8k@slideshare.net,F,HN
Katusha,Jonah,kjonah8l@dell.com,F,SE
Jason,Appleton,jappleton8m@wikipedia.org,M,ID
Farrell,Shephard,fshephard8n@friendfeed.com,M,CA
Dorri,Hicks,dhicks8o@cbsnews.com,F,RU
Gaylord,Peart,gpeart8p@addtoany.com,M,ID
Hyatt,Clutheram,hclutheram8q@hibu.com,M,BR
Boothe,Ginsie,bginsie8r@histats.com,M,CN
Felicio,Brannon,fbrannon8s@foxnews.com,M,GR
Reeta,Bernhardsson,rbernhardsson8t@rakuten.co.jp,F,KW
Quintina,Cureton,qcureton8u@stumbleupon.com,F,PH
Claiborne,Naulls,cnaulls8v@so-net.ne.jp,M,RU
Orly,Fardell,ofardell8w@economist.com,F,FR
Buddie,Rowthorn,browthorn8x@over-blog.com,M,KR
Blythe,Tester,btester8y@a8.net,F,PH
Benjamen,Endersby,bendersby8z@oaic.gov.au,M,JP
Judas,Bonsey,jbonsey90@mac.com,M,JP
Woodrow,O'Cahill,wocahill91@twitpic.com,M,AL
Malcolm,Venables,mvenables92@rediff.com,M,TH
Vale,Brayne,vbrayne93@google.es,M,PF
Gillian,Olyet,golyet94@unblog.fr,F,ID
Cyrus,Offa,coffa95@studiopress.com,M,CN
Gertrude,Khrishtafovich,gkhrishtafovich96@xing.com,F,BO
Selena,Filon,sfilon97@facebook.com,F,CN
Alyosha,Weekly,aweekly98@wikispaces.com,M,CN
Darcy,Yurkiewicz,dyurkiewicz99@msn.com,M,PL
Sebastien,McIlroy,smcilroy9a@mysql.com,M,VN
Oswell,Putson,oputson9b@spotify.com,M,PH
Andras,Brinsden,abrinsden9c@netscape.com,M,NG
Royce,Davidovsky,rdavidovsky9d@jiathis.com,M,US
Basile,Howsego,bhowsego9e@a8.net,M,PT
Vale,Piscopiello,vpiscopiello9f@privacy.gov.au,M,SI
Gillian,Challiss,gchalliss9g@privacy.gov.au,F,CN
Carita,Neath,cneath9h@va.gov,F,FR
Hogan,Menichi,hmenichi9i@unicef.org,M,CN
Bria,Crohan,bcrohan9j@delicious.com,F,MX
Jocko,Linley,jlinley9k@state.tx.us,M,CN
Danice,Roarty,droarty9l@newyorker.com,F,SE
Shem,Nassie,snassie9m@dailymail.co.uk,M,PH
Kalil,Ox,kox9n@quantcast.com,M,CA
Lana,Djurkovic,ldjurkovic9o@e-recht24.de,F,FR
Fionnula,Buyers,fbuyers9p@patch.com,F,ES
Eryn,Scholling,escholling9q@tripod.com,F,ID
Bryanty,Sillis,bsillis9r@deviantart.com,M,RU
Cordie,MacBrearty,cmacbrearty9s@123-reg.co.uk,M,GR
Chelsae,Catterill,ccatterill9t@go.com,F,CN
Floris,Townby,ftownby9u@wiley.com,F,FR
Ursa,Cornbell,ucornbell9v@flickr.com,F,UG
Cory,Howell,chowell9w@globo.com,F,PK
Malvina,Pettersen,mpettersen9x@reverbnation.com,F,CN
Hailey,Momford,hmomford9y@bloomberg.com,M,IR
Kristan,Leipoldt,kleipoldt9z@psu.edu,F,ID
Morgen,Kesteven,mkestevena0@wiley.com,M,CN
Tuckie,Snowdon,tsnowdona1@google.ca,M,MN
Marlo,Gerlts,mgerltsa2@bizjournals.com,F,CN
Cord,de'-Ancy Willis,cdeancywillisa3@angelfire.com,M,PH
Jamie,Cobb,jcobba4@usgs.gov,F,BR
Leland,Rosentholer,lrosentholera5@goodreads.com,M,PT
Klaus,Dalwood,kdalwooda6@chron.com,M,CN
Stavros,Gorger,sgorgera7@spotify.com,M,PH
Bunnie,Warters,bwartersa8@issuu.com,F,AR
Nedda,Guilleton,nguilletona9@ameblo.jp,F,CZ
Tann,Pimer,tpimeraa@a8.net,M,US
Emanuele,Lille,elilleab@wunderground.com,M,CN
Starlin,Fotheringham,sfotheringhamac@sfgate.com,F,AR
Baillie,Brafield,bbrafieldad@earthlink.net,M,CD
Herb,Haughian,hhaughianae@wisc.edu,M,US
Kylie,Lutton,kluttonaf@jiathis.com,M,CA
Giorgi,Casetta,gcasettaag@delicious.com,M,PE
Massimo,Simion,msimionah@microsoft.com,M,CN
Fionna,Sutherns,fsuthernsai@google.ca,F,ID
Christy,Winterbottom,cwinterbottomaj@aol.com,F,ID
Jamesy,Buist,jbuistak@comsenz.com,M,RU
Claresta,McGinly,cmcginlyal@homestead.com,F,PK
Elia,Cosh,ecosham@rakuten.co.jp,M,CN
Cathie,Christofle,cchristoflean@nhs.uk,F,TH
Oneida,Westrope,owestropeao@odnoklassniki.ru,F,FR
Emmet,Jzak,ejzakap@yellowpages.com,M,ID
Consalve,Chant,cchantaq@businessweek.com,M,CN
Nobe,Norris,nnorrisar@domainmarket.com,M,CO
Reine,Titchener,rtitcheneras@ted.com,F,CM
Sean,Russo,srussoat@nytimes.com,M,BZ
Rutter,Rockliffe,rrockliffeau@shutterfly.com,M,CN
Osbourn,Dairton,odairtonav@uol.com.br,M,AR
Frank,Mottini,fmottiniaw@1und1.de,F,JP
Jessamine,Craythorn,jcraythornax@mashable.com,F,ID
Easter,Scholer,escholeray@t-online.de,F,TH
Eulalie,Ferby,eferbyaz@biblegateway.com,F,AF
Cornelius,Sanderson,csandersonb0@ted.com,M,PH
Arlyn,Gudde,aguddeb1@gravatar.com,F,US
Maible,Gummory,mgummoryb2@globo.com,F,CN
Guillermo,Rutter,grutterb3@wisc.edu,M,IR
Taddeusz,Grist,tgristb4@ucsd.edu,M,ID
Joelly,Wolseley,jwolseleyb5@omniture.com,F,MV
Hettie,Inkpen,hinkpenb6@i2i.jp,F,PH
Bridget,Fetherby,bfetherbyb7@chronoengine.com,F,RU
Jere,Arrandale,jarrandaleb8@com.com,M,GU
Rick,Pinckstone,rpinckstoneb9@vinaora.com,M,FM
Karlotte,Pagin,kpaginba@exblog.jp,F,ID
Olva,Eunson,oeunsonbb@blogspot.com,F,CN
Baird,Dimitriades,bdimitriadesbc@yahoo.com,M,NG
Terrye,Kerton,tkertonbd@dell.com,F,CN
Skye,Tarren,starrenbe@imgur.com,M,CN
Bev,Heakey,bheakeybf@51.la,M,CN
Gerianna,Thewles,gthewlesbg@google.nl,F,CN
Rudie,Di Ruggiero,rdiruggierobh@sciencedirect.com,M,RU
Kassey,Buchan,kbuchanbi@economist.com,F,DO
Gilbertina,Leeke,gleekebj@feedburner.com,F,RU
Florida,Carrel,fcarrelbk@paypal.com,F,CN
Therine,Spratling,tspratlingbl@squarespace.com,F,ID
Janie,Touzey,jtouzeybm@artisteer.com,F,IM
Faustina,Charlwood,fcharlwoodbn@ehow.com,F,ID
Kingsly,Dalinder,kdalinderbo@wunderground.com,M,CN
Constantino,Brendel,cbrendelbp@google.ru,M,CN
Galvin,Poure,gpourebq@usgs.gov,M,PY
Orran,Kittley,okittleybr@google.es,M,CL
Ally,Goudard,agoudardbs@ucoz.com,F,PE
Torin,Bloxsum,tbloxsumbt@diigo.com,M,PE
Nelle,Matusson,nmatussonbu@sohu.com,F,TH
Brandy,Compfort,bcompfortbv@naver.com,F,PS
Christopher,Cruz,ccruzbw@liveinternet.ru,M,PL
Florette,Han,fhanbx@sakura.ne.jp,F,ID
Timmi,Joyson,tjoysonby@google.ru,F,BG
Carolann,Tompkiss,ctompkissbz@purevolume.com,F,CN
Waverly,Silwood,wsilwoodc0@jugem.jp,M,GB
Yehudit,Dounbare,ydounbarec1@g.co,M,BR
Dasha,Bristow,dbristowc2@icio.us,F,ID
Crissy,Butt,cbuttc3@weibo.com,F,ID
Mei,Hebburn,mhebburnc4@oakley.com,F,MA
Jerri,Lobe,jlobec5@xinhuanet.com,M,AZ
Zola,Burgisi,zburgisic6@reddit.com,F,BR
Paul,Moffatt,pmoffattc7@sciencedaily.com,M,CN
Ardenia,Paal,apaalc8@drupal.org,F,CN
Blondell,Samsonsen,bsamsonsenc9@homestead.com,F,SE
Christalle,Winterscale,cwinterscaleca@constantcontact.com,F,CN
Marthe,Kleis,mkleiscb@csmonitor.com,F,ID
Burt,McAllen,bmcallencc@geocities.com,M,GN
Sanderson,McEwan,smcewancd@miitbeian.gov.cn,M,CN
Carlin,Raynham,craynhamce@hhs.gov,M,SH
Norrie,Podbury,npodburycf@walmart.com,M,CN
Marylee,Adriaens,madriaenscg@bloglines.com,F,CR
Orton,Burel,oburelch@livejournal.com,M,ID
Marti,Player,mplayerci@bbb.org,F,CN
Hans,Parley,hparleycj@360.cn,M,GU
Emelen,Malt,emaltck@washingtonpost.com,M,LV
Mufi,Janosevic,mjanoseviccl@seattletimes.com,F,ID
Faith,Hickenbottom,fhickenbottomcm@t-online.de,F,ID
Winnie,McHale,wmchalecn@constantcontact.com,M,CN
Issiah,Merrall,imerrallco@rediff.com,M,RU
Jeana,Ivanchenkov,jivanchenkovcp@yolasite.com,F,AL
Chery,Severy,cseverycq@sogou.com,F,PT
Faina,Provost,fprovostcr@europa.eu,F,PT
Ruthe,Euler,reulercs@wordpress.org,F,CN
Aleen,Donner,adonnerct@fastcompany.com,F,AZ
Farlay,Chisholm,fchisholmcu@google.de,M,FR
Kelby,Colpus,kcolpuscv@lycos.com,M,PT
Lynsey,Emburey,lembureycw@sbwire.com,F,FR
Duncan,Goldhawk,dgoldhawkcx@icio.us,M,CA
Madelena,Bickerdike,mbickerdikecy@shareasale.com,F,ID
Titus,Scroxton,tscroxtoncz@vkontakte.ru,M,VE
Kalie,Glasard,kglasardd0@barnesandnoble.com,F,CN
Tamara,Whitnall,twhitnalld1@simplemachines.org,F,US
Drusilla,Cartwight,dcartwightd2@baidu.com,F,AL
Kristy,Slogrove,kslogroved3@rambler.ru,F,ID
Jacky,Molan,jmoland4@example.com,M,SE
Kimble,Coleson,kcolesond5@nbcnews.com,M,MT
Raynell,Stainburn,rstainburnd6@yahoo.co.jp,F,CA
Sarge,Folbige,sfolbiged7@reuters.com,M,MX
Jelene,Hedylstone,jhedylstoned8@sun.com,F,MN
Toddy,Erskine,terskined9@yelp.com,M,AR
Stella,Goodlett,sgoodlettda@uol.com.br,F,BR
Randolf,Cleiment,rcleimentdb@cargocollective.com,M,FR
De witt,Grishkov,dgrishkovdc@ask.com,M,CN
Frants,Bastiman,fbastimandd@mashable.com,M,AR
Merrick,Becker,mbeckerde@tripadvisor.com,M,IQ
Chancey,Pettecrew,cpettecrewdf@forbes.com,M,PE
Wilmar,Primak,wprimakdg@smh.com.au,M,GE
Raphaela,Duval,rduvaldh@163.com,F,CN
Siana,Murrish,smurrishdi@google.pl,F,CN
Randi,Rennels,rrennelsdj@irs.gov,F,DE
Nappie,Springle,nspringledk@psu.edu,M,JO
Janine,Denizet,jdenizetdl@china.com.cn,F,PH
Ber,Coultous,bcoultousdm@printfriendly.com,M,SE
Luella,Kniveton,lknivetondn@imgur.com,F,PH
Nancie,Coo,ncoodo@ft.com,F,PH
Lyndel,Chavrin,lchavrindp@walmart.com,F,CN
Mata,Hearty,mheartydq@dedecms.com,M,CN
Zola,Sawnwy,zsawnwydr@time.com,F,IR
Rica,MacLaren,rmaclarends@51.la,F,PL
Shandie,Whitland,swhitlanddt@columbia.edu,F,CN
Nevin,Blaszczyk,nblaszczykdu@hibu.com,M,SE
Richie,Heinlein,rheinleindv@cargocollective.com,M,HR
Clifford,Faithfull,cfaithfulldw@census.gov,M,CZ
Heath,Presswell,hpresswelldx@theatlantic.com,F,DK
Ashlen,Seeley,aseeleydy@ow.ly,F,PG
Brant,Bengochea,bbengocheadz@mtv.com,M,CN
Joey,Macari,jmacarie0@tinypic.com,M,CN
Diego,Rylstone,drylstonee1@utexas.edu,M,PL
Carree,Gibke,cgibkee2@acquirethisname.com,F,PE
Jefferson,Pirozzi,jpirozzie3@marriott.com,M,RU
Terri-jo,Hustler,thustlere4@nsw.gov.au,F,ID
Englebert,McIlveen,emcilveene5@google.it,M,IR
Carree,Shafier,cshafiere6@alibaba.com,F,FR
Livvy,Helstrip,lhelstripe7@printfriendly.com,F,ID
Koralle,Amber,kambere8@answers.com,F,PT
Bailey,Myrkus,bmyrkuse9@ed.gov,M,AM
Johnnie,Quilkin,jquilkinea@cloudflare.com,M,RU
Benito,Goode,bgoodeeb@bloglovin.com,M,CN
Efrem,Cocci,ecocciec@simplemachines.org,M,PE
Ford,Smithies,fsmithiesed@macromedia.com,M,NG
Ayn,Penwright,apenwrightee@meetup.com,F,PH
Brew,Tucknott,btucknottef@indiatimes.com,M,FR
Lilas,Litchmore,llitchmoreeg@ted.com,F,NL
Deborah,Vasyukhichev,dvasyukhicheveh@dailymail.co.uk,F,TH
Hy,Betje,hbetjeei@shareasale.com,M,BG
Teodora,Brands,tbrandsej@bbb.org,F,UA
Alvinia,Yakhin,ayakhinek@zimbio.com,F,ID
Viviyan,Steele,vsteeleel@dedecms.com,F,AR
Alford,Livens,alivensem@fastcompany.com,M,JP
Dulcinea,Littlejohns,dlittlejohnsen@scribd.com,F,CA
Trenna,Turland,tturlandeo@google.com.br,F,CZ
Wake,Maddock,wmaddockep@sciencedirect.com,M,CN
Nealson,Vautin,nvautineq@t-online.de,M,VN
Wallie,Mattheus,wmattheuser@printfriendly.com,F,CN
Martina,Rockcliff,mrockcliffes@deviantart.com,F,UG
Jaclin,Skells,jskellset@yahoo.com,F,PE
Sibley,Sinden,ssindeneu@nifty.com,F,UA
Stacy,Bernardos,sbernardosev@netlog.com,M,ID
Yelena,Walshaw,ywalshawew@nps.gov,F,FI
Guillema,Lillie,glillieex@webs.com,F,RU
Dareen,Farnin,dfarniney@scientificamerican.com,F,BR
Jesselyn,Stimpson,jstimpsonez@xinhuanet.com,F,MN
Ethelred,Callf,ecallff0@latimes.com,M,CN
Brocky,Bonney,bbonneyf1@google.nl,M,CN
Molli,Litherland,mlitherlandf2@cbslocal.com,F,PT
Fredrick,Kingswold,fkingswoldf3@intel.com,M,PE
Abbie,Newbury,anewburyf4@google.nl,F,PS
Ogden,Yarrow,oyarrowf5@liveinternet.ru,M,HR
Eberhard,Pragnell,epragnellf6@desdev.cn,M,EG
Rebbecca,Bussens,rbussensf7@tinypic.com,F,RU
Ramona,MacCawley,rmaccawleyf8@bloglovin.com,F,TZ
Woody,Vanshin,wvanshinf9@bluehost.com,M,RS
Gillie,Wayper,gwayperfa@instagram.com,F,KM
Phip,Persence,ppersencefb@i2i.jp,M,SD
Devlen,Fulks,dfulksfc@bloglovin.com,M,FI
Eleanore,Vann,evannfd@answers.com,F,PE
Roosevelt,Bowery,rboweryfe@goodreads.com,M,DE
Waldo,Hinrichs,whinrichsff@earthlink.net,M,HR
Courtney,Cansfield,ccansfieldfg@google.ru,F,ID
Marga,Layson,mlaysonfh@desdev.cn,F,CN
Gretta,Pharro,gpharrofi@kickstarter.com,F,JP
Sly,Scyone,sscyonefj@wix.com,M,AL
Marnia,Dulen,mdulenfk@dyndns.org,F,VN
Dawn,Audsley,daudsleyfl@vinaora.com,F,SE
Ruben,Drackford,rdrackfordfm@bandcamp.com,M,CN
Kareem,Brashaw,kbrashawfn@google.co.uk,M,CN
Ashia,Zorzin,azorzinfo@buzzfeed.com,F,PH
Thekla,Very,tveryfp@dyndns.org,F,IT
Ty,Meth,tmethfq@va.gov,M,ID
Ellie,Jancey,ejanceyfr@amazon.com,F,BI
Rayshell,Grodden,rgroddenfs@is.gd,F,ZA
Tawsha,Puve,tpuveft@ihg.com,F,CN
Lita,Nemchinov,lnemchinovfu@gnu.org,F,RU
Vivi,Grimley,vgrimleyfv@edublogs.org,F,MG
Killie,Barrand,kbarrandfw@yellowpages.com,M,ID
Godart,Itchingham,gitchinghamfx@earthlink.net,M,HN
Derrik,Dawidowicz,ddawidowiczfy@spiegel.de,M,CN
Mordy,Kinastan,mkinastanfz@infoseek.co.jp,M,SY
Jannelle,Wroth,jwrothg0@theglobeandmail.com,F,PA
Corissa,Stangoe,cstangoeg1@parallels.com,F,FR
Tressa,Kopf,tkopfg2@amazonaws.com,F,CN
Cleo,Howard,chowardg3@domainmarket.com,F,GE
Jemimah,Druhan,jdruhang4@photobucket.com,F,PT
Percival,McCloch,pmcclochg5@eepurl.com,M,BR
Adrienne,Dodsworth,adodsworthg6@blogs.com,F,CN
Sherri,Morten,smorteng7@yellowbook.com,F,TH
Vicky,Cabera,vcaberag8@illinois.edu,F,UA
Robbin,Tigwell,rtigwellg9@i2i.jp,F,CN
Franchot,Tillman,ftillmanga@patch.com,M,PT
Porty,Arnaut,parnautgb@i2i.jp,M,MX
Gerhardt,Chominski,gchominskigc@bravesites.com,M,RU
Bond,Bogies,bbogiesgd@nifty.com,M,BA
Shannen,Gyse,sgysege@salon.com,F,PH
Elliott,Comelli,ecomelligf@ycombinator.com,M,TV
Traci,Mathivat,tmathivatgg@altervista.org,F,HN
Agnesse,Challicombe,achallicombegh@microsoft.com,F,ZA
Reynolds,Peevor,rpeevorgi@geocities.jp,M,KP
Leshia,Dencs,ldencsgj@utexas.edu,F,MG
Aleta,Acey,aaceygk@patch.com,F,DE
Vivianne,Lepard,vlepardgl@time.com,F,CZ
Shalne,Bartomeu,sbartomeugm@phpbb.com,F,CN
Bryce,Arthur,barthurgn@epa.gov,M,YE
Carlita,Warrack,cwarrackgo@home.pl,F,PT
Doloritas,Gaye,dgayegp@google.de,F,AF
Livvie,Mosten,lmostengq@goo.gl,F,TM
Henderson,Briddle,hbriddlegr@bravesites.com,M,PE
Channa,Callis,ccallisgs@networkadvertising.org,F,CN
Melissa,Madner,mmadnergt@hexun.com,F,NG
Hewet,Shelf,hshelfgu@forbes.com,M,CN
Kareem,Cuer,kcuergv@paginegialle.it,M,TH
Adelice,Empleton,aempletongw@twitter.com,F,PH
Ree,Janssen,rjanssengx@time.com,F,FR
Vanni,Rallin,vrallingy@is.gd,F,RU
Chevalier,Palphreyman,cpalphreymangz@foxnews.com,M,PH
Francisco,Peachey,fpeacheyh0@jiathis.com,M,CZ
Zita,Dubber,zdubberh1@meetup.com,F,CN
Minnaminnie,Gaskins,mgaskinsh2@google.co.jp,F,PT
Mathian,Tolomelli,mtolomellih3@purevolume.com,M,CZ
Merla,Goldstraw,mgoldstrawh4@dmoz.org,F,ID
Tory,Tallyn,ttallynh5@sourceforge.net,F,CF
Brennen,Ribchester,bribchesterh6@nature.com,M,AR
Berton,Skiplorne,bskiplorneh7@ed.gov,M,RU
Tanitansy,Rickardes,trickardesh8@imdb.com,F,CN
Hyacinthe,MacKinnon,hmackinnonh9@newsvine.com,F,RU
Tabor,Growcock,tgrowcockha@i2i.jp,M,GU
Orv,Mallion,omallionhb@oaic.gov.au,M,AR
Buddy,Marsay,bmarsayhc@zimbio.com,M,CN
Meta,Addess,maddesshd@goodreads.com,F,MX
Aymer,Quinion,aquinionhe@yellowpages.com,M,XK
Conn,Rides,crideshf@stumbleupon.com,M,CN
Arlee,Hernik,ahernikhg@bizjournals.com,F,KG
Hamel,Sevior,hseviorhh@ihg.com,M,CN
Erl,Ledgley,eledgleyhi@goodreads.com,M,ID
Garald,Skally,gskallyhj@deviantart.com,M,PH
Britta,Diano,bdianohk@qq.com,F,BR
Carlota,Heinreich,cheinreichhl@google.nl,F,CN
Early,Potkins,epotkinshm@harvard.edu,M,NG
Odele,Barnet,obarnethn@i2i.jp,F,PH
Lionel,Derbyshire,lderbyshireho@mtv.com,M,CN
Alan,Felce,afelcehp@exblog.jp,M,NO
Sapphira,Bettles,sbettleshq@addthis.com,F,CA
Linn,Barrell,lbarrellhr@ovh.net,M,PH
Gaby,Cradick,gcradickhs@smugmug.com,M,CA
Hollyanne,Dudson,hdudsonht@360.cn,F,PH
Elfrieda,Allom,eallomhu@live.com,F,BG
Sigismundo,Stallon,sstallonhv@hud.gov,M,ID
Ingaborg,Bleasby,ibleasbyhw@livejournal.com,F,RS
Viviyan,Hammarberg,vhammarberghx@zimbio.com,F,FR
Otes,Perulli,operullihy@dailymotion.com,M,CN
Colver,Tomasz,ctomaszhz@imageshack.us,M,MG
Wesley,de Quincey,wdequinceyi0@whitehouse.gov,M,CN
Osmond,Bummfrey,obummfreyi1@hao123.com,M,KR
Wandis,Yelding,wyeldingi2@dropbox.com,F,BD
Maribel,McWhirter,mmcwhirteri3@live.com,F,PH
Ferdinande,Menhenitt,fmenhenitti4@nbcnews.com,F,MX
Gerhardt,Ventura,gventurai5@phoca.cz,M,PT
Timmi,Hanniger,thannigeri6@independent.co.uk,F,ID
Shep,Jeandillou,sjeandilloui7@cisco.com,M,CN
Roanna,Fulker,rfulkeri8@un.org,F,ID
Tremaine,Adamo,tadamoi9@tinyurl.com,M,CN
Bob,Benedict,bbenedictia@noaa.gov,M,SE
Timotheus,Shillum,tshillumib@wikispaces.com,M,PH
Spike,Doyle,sdoyleic@smugmug.com,M,NI
Reinwald,Blyth,rblythid@zimbio.com,M,UA
Kendre,Benfield,kbenfieldie@pen.io,F,CN
Trstram,Eastmond,teastmondif@japanpost.jp,M,CN
Judon,Verzey,jverzeyig@mozilla.com,M,RU
Zahara,Bangham,zbanghamih@psu.edu,F,CA
Rosemonde,Jecks,rjecksii@hc360.com,F,BR
Isobel,Gaucher,igaucherij@shutterfly.com,F,ID
Urban,Jee,ujeeik@buzzfeed.com,M,RU
Hadria,Tiebe,htiebeil@free.fr,F,TZ
Cleavland,Atherley,catherleyim@apple.com,M,BA
Winonah,Dorr,wdorrin@google.de,F,LV
Duncan,MacAirt,dmacairtio@huffingtonpost.com,M,CN
Shelby,Prewer,sprewerip@friendfeed.com,F,MG
Kelbee,Kairns,kkairnsiq@bigcartel.com,M,CN
Hashim,Mattevi,hmatteviir@google.es,M,UG
Tonnie,Paramor,tparamoris@google.ca,M,ID
Yankee,Bartalot,ybartalotit@usnews.com,M,NL
Ad,Celli,acelliiu@4shared.com,M,FR
Sal,Manilo,smaniloiv@mac.com,F,ID
Catrina,Hadland,chadlandiw@qq.com,F,NO
Gaspard,Wallicker,gwallickerix@joomla.org,M,FI
Pincus,Stanlick,pstanlickiy@ihg.com,M,BR
Evelina,Kilbourne,ekilbourneiz@moonfruit.com,F,IE
Minnaminnie,Fitton,mfittonj0@opera.com,F,PE
Leann,Emmatt,lemmattj1@phoca.cz,F,CY
Keeley,Hammerberger,khammerbergerj2@issuu.com,F,PH
Temp,Vears,tvearsj3@toplist.cz,M,PT
Myer,Vecard,mvecardj4@storify.com,M,US
Town,Southan,tsouthanj5@reverbnation.com,M,AR
Biddie,Coneau,bconeauj6@hubpages.com,F,CN
Michaella,Empson,mempsonj7@live.com,F,IE
Bond,Worner,bwornerj8@networksolutions.com,M,DM
Packston,Jeannard,pjeannardj9@ted.com,M,ID
Symon,O'Kelly,sokellyja@businessinsider.com,M,ID
Pamela,Trevaskus,ptrevaskusjb@samsung.com,F,ID
Meier,Sleight,msleightjc@sina.com.cn,M,CN
Idelle,Hayhoe,ihayhoejd@opera.com,F,ID
Heinrick,Petr,hpetrje@tiny.cc,M,CN
Loise,Bril,lbriljf@xing.com,F,TN
Creight,Iacovuzzi,ciacovuzzijg@ifeng.com,M,HR
Juliana,Lauxmann,jlauxmannjh@merriam-webster.com,F,AO
Romy,Scrase,rscraseji@admin.ch,F,TH
Sheffy,Hanssmann,shanssmannjj@bluehost.com,M,US
Mike,Alenichev,malenichevjk@imdb.com,M,CN
Ronald,Fairfull,rfairfulljl@booking.com,M,CN
Chas,Worstall,cworstalljm@yolasite.com,M,DE
Sig,Bewicke,sbewickejn@economist.com,M,CN
Neysa,Plom,nplomjo@vk.com,F,CN
Claus,Barrs,cbarrsjp@g.co,M,BR
Jodi,Speak,jspeakjq@hugedomains.com,M,CN
Cherlyn,Hammerstone,chammerstonejr@eventbrite.com,F,PE
Celie,Danigel,cdanigeljs@gravatar.com,F,MX
Serene,Kunze,skunzejt@businesswire.com,F,MY
Arie,Du Hamel,aduhamelju@altervista.org,M,PS
Indira,Tarren,itarrenjv@ameblo.jp,F,TL
Trumann,Gartside,tgartsidejw@amazon.com,M,NG
Alis,Kunkel,akunkeljx@tumblr.com,F,CN
Gert,Pashba,gpashbajy@un.org,F,CN
Jenelle,Boylan,jboylanjz@tripod.com,F,CN
Melicent,Midlane,mmidlanek0@globo.com,F,PK
Jillayne,Meachem,jmeachemk1@simplemachines.org,F,CN
Cristine,Castillou,ccastillouk2@phpbb.com,F,CN
Dugald,Gasken,dgaskenk3@disqus.com,M,US
Drud,Whiteley,dwhiteleyk4@github.com,M,CL
Garek,Nicklin,gnicklink5@people.com.cn,M,ID
Ira,Francino,ifrancinok6@meetup.com,M,AZ
Carry,Cuardall,ccuardallk7@china.com.cn,F,MX
Peg,Kuschke,pkuschkek8@is.gd,F,CN
Alessandro,Evans,aevansk9@icq.com,M,ID
Arv,Munson,amunsonka@sfgate.com,M,PS
Veronike,Kelloway,vkellowaykb@jigsy.com,F,CN
Malia,Hobbert,mhobbertkc@smh.com.au,F,US
Lavina,Carn,lcarnkd@deviantart.com,F,CN
Constancy,Ayrs,cayrske@bbb.org,F,PL
Saw,Farry,sfarrykf@japanpost.jp,M,NP
Koral,Osbiston,kosbistonkg@bandcamp.com,F,AL
Maurizio,McAne,mmcanekh@dmoz.org,M,ID
Kalie,Rahl,krahlki@biblegateway.com,F,RU
Renaldo,Hallford,rhallfordkj@yelp.com,M,SE
Kurtis,Harman,kharmankk@nih.gov,M,CN
Alisander,Lethem,alethemkl@wiley.com,M,CZ
Philipa,Gallyon,pgallyonkm@ft.com,F,BR
Ingamar,Boarder,iboarderkn@seesaa.net,M,ID
Aharon,Raynton,arayntonko@furl.net,M,US
Benji,Girardoni,bgirardonikp@google.fr,M,FR
Bernard,Crumbleholme,bcrumbleholmekq@smh.com.au,M,KE
Ernst,Welford,ewelfordkr@hatena.ne.jp,M,CN
Tannie,Onthank,tonthankks@nasa.gov,M,JP
Ervin,MacCallam,emaccallamkt@paypal.com,M,SE
Theodore,Boorne,tboorneku@behance.net,M,FR
Prudy,Chafer,pchaferkv@netvibes.com,F,CN
Lem,Laurenceau,llaurenceaukw@google.cn,M,UA
Anne-marie,Cullabine,acullabinekx@1und1.de,F,MN
Karla,Sebastian,ksebastianky@tripadvisor.com,F,PY
Mariska,Colbourn,mcolbournkz@google.com.br,F,SE
Eileen,Jovasevic,ejovasevicl0@google.com.br,F,BR
Leslie,Beazey,lbeazeyl1@icq.com,M,CN
Alexandros,Lotwich,alotwichl2@webmd.com,M,TZ
Bryon,Coils,bcoilsl3@columbia.edu,M,CN
Emlen,Delap,edelapl4@theglobeandmail.com,M,ZA
Ax,McReath,amcreathl5@plala.or.jp,M,PT
Gustavo,Cudworth,gcudworthl6@domainmarket.com,M,TH
Nappy,Burlingame,nburlingamel7@rediff.com,M,PL
Roman,Pitts,rpittsl8@godaddy.com,M,AL
Nanon,Wessel,nwessell9@over-blog.com,F,CN
Fax,Gibard,fgibardla@ucsd.edu,M,HR
Pincas,Rawdall,prawdalllb@discuz.net,M,US
Perren,Gregoratti,pgregorattilc@google.com.hk,M,RU
Marylinda,Adshed,madshedld@histats.com,F,ZW
Ted,Pawfoot,tpawfootle@pcworld.com,F,CN
Ogdon,Timblett,otimblettlf@123-reg.co.uk,M,RS
Frannie,Prys,fpryslg@thetimes.co.uk,F,JP
Erda,Waddie,ewaddielh@hostgator.com,F,ID
Sheppard,Coule,scouleli@state.tx.us,M,AU
Jamima,Mainston,jmainstonlj@pen.io,F,VN
Richard,Binion,rbinionlk@whitehouse.gov,M,CZ
Marie-jeanne,Lindermann,mlindermannll@fastcompany.com,F,ID
Maren,Stoneley,mstoneleylm@shareasale.com,F,CN
Lilith,Gammell,lgammellln@timesonline.co.uk,F,CN
Clemmy,Firminger,cfirmingerlo@theguardian.com,M,CN
Harley,Remnant,hremnantlp@yellowpages.com,F,US
Tades,Walkinshaw,twalkinshawlq@rediff.com,M,AF
Audi,Breazeall,abreazealllr@seesaa.net,F,SE
Annamaria,Rooson,aroosonls@xinhuanet.com,F,BR
Rheba,Renowden,rrenowdenlt@hao123.com,F,CN
Dinah,Skotcher,dskotcherlu@walmart.com,F,IR
Lynnett,Nowak,lnowaklv@hugedomains.com,F,DE
Toinette,Soffe,tsoffelw@newsvine.com,F,CN
Janeczka,Kaplan,jkaplanlx@vkontakte.ru,F,IE
Marshall,Canet,mcanetly@usda.gov,M,CN
Flore,Quennell,fquennelllz@gmpg.org,F,ID
Bethany,Aguilar,baguilarm0@bloglines.com,F,JP
Nady,D' Angelo,ndangelom1@trellian.com,F,ID
Quentin,Norcutt,qnorcuttm2@npr.org,M,CN
Clovis,Goodinge,cgoodingem3@mayoclinic.com,F,RU
Ode,Donoher,odonoherm4@dell.com,M,PT
Marvin,Marte,mmartem5@jiathis.com,M,GT
Blaine,Bolens,bbolensm6@japanpost.jp,M,ID
Moreen,Petschel,mpetschelm7@engadget.com,F,CN
Jereme,Pleasance,jpleasancem8@nps.gov,M,MU
Estella,Grieswood,egrieswoodm9@ustream.tv,F,KE
Alfi,Wildt,awildtma@privacy.gov.au,F,CN
Sella,Velez,svelezmb@tamu.edu,F,TH
Myles,Morl,mmorlmc@plala.or.jp,M,TH
Zelda,Cankett,zcankettmd@shutterfly.com,F,HN
Eddi,Kroon,ekroonme@myspace.com,F,PH
Trescha,Wakley,twakleymf@jiathis.com,F,TH
Leoine,Catherine,lcatherinemg@wikispaces.com,F,ID
Cherida,Emmert,cemmertmh@guardian.co.uk,F,CZ
Gilberte,Kimblen,gkimblenmi@sciencedirect.com,F,ID
Livia,Niesing,lniesingmj@myspace.com,F,US
Agata,Giannassi,agiannassimk@multiply.com,F,PL
Clemente,Nobriga,cnobrigaml@goodreads.com,M,CO
Donaugh,Tombleson,dtomblesonmm@mayoclinic.com,M,PA
Filberte,Dunstall,fdunstallmn@weebly.com,M,CO
Zelig,Bugg,zbuggmo@examiner.com,M,FR
Niccolo,McKeller,nmckellermp@irs.gov,M,FR
Guinna,Hursey,ghurseymq@list-manage.com,F,CN
Martica,Schoales,mschoalesmr@webs.com,F,RS
Rora,Peet,rpeetms@oracle.com,F,CN
Elene,Trobridge,etrobridgemt@ihg.com,F,ID
Neron,Dilks,ndilksmu@aboutads.info,M,PH
Elise,Rushton,erushtonmv@nih.gov,F,DE
Berkeley,Paolini,bpaolinimw@taobao.com,M,MG
Kylie,Antyukhin,kantyukhinmx@sourceforge.net,M,CN
Broddie,Cameron,bcameronmy@salon.com,M,GB
Helaine,Bestman,hbestmanmz@whitehouse.gov,F,CN
Beulah,Doddridge,bdoddridgen0@illinois.edu,F,ID
Elnar,Walhedd,ewalheddn1@japanpost.jp,M,CN
Glynda,Kinde,gkinden2@stumbleupon.com,F,MV
Genevra,Hemms,ghemmsn3@chronoengine.com,F,CO
Laughton,Ogden,logdenn4@mapy.cz,M,US
Suzette,Worsfield,sworsfieldn5@drupal.org,F,KE
Cullen,Hatz,chatzn6@mayoclinic.com,M,FR
Kahaleel,Utley,kutleyn7@weebly.com,M,PH
Renell,Espinheira,respinheiran8@instagram.com,F,ID
Anselma,Fairhall,afairhalln9@gravatar.com,F,PL
Wyn,Bathurst,wbathurstna@free.fr,M,VN
Veda,Huot,vhuotnb@creativecommons.org,F,CO
Christophe,Flintoft,cflintoftnc@elegantthemes.com,M,JP
Nicolette,Burdell,nburdellnd@macromedia.com,F,MX
Corrina,Van Vuuren,cvanvuurenne@furl.net,F,RU
Horten,Abdie,habdienf@biblegateway.com,M,PL
Gustaf,Winsper,gwinsperng@princeton.edu,M,RU
Melesa,Skedge,mskedgenh@earthlink.net,F,SE
Andra,Pre,apreni@whitehouse.gov,F,SE
Maritsa,Gotcliffe,mgotcliffenj@oakley.com,F,ID
Brooke,Stubbington,bstubbingtonnk@privacy.gov.au,M,AR
Eric,Ventom,eventomnl@examiner.com,M,ZA
Joby,Ransbury,jransburynm@hao123.com,F,RU
Fifine,Devanney,fdevanneynn@illinois.edu,F,ID
Norry,Vondrasek,nvondrasekno@globo.com,M,PH
Nada,Pine,npinenp@dell.com,F,CO
Trueman,Renny,trennynq@si.edu,M,NL
Jamesy,De Carolis,jdecarolisnr@artisteer.com,M,JP
Brooke,Garmons,bgarmonsns@cmu.edu,F,GE
Bendick,Branca,bbrancant@adobe.com,M,RW
Alica,Lamport,alamportnu@weebly.com,F,BA
Rheba,Picardo,rpicardonv@xing.com,F,BY
Mark,Menichelli,mmenichellinw@tripod.com,M,SE
Hurleigh,Adrian,hadriannx@google.ca,M,DK
Reginauld,Davys,rdavysny@newyorker.com,M,JP
Lulita,Rowlson,lrowlsonnz@tinypic.com,F,ID
Blondell,Pagon,bpagono0@mozilla.org,F,PH
Nikolia,Jessep,njessepo1@accuweather.com,F,ID
Dorella,Spiaggia,dspiaggiao2@telegraph.co.uk,F,ID
Susi,Jowling,sjowlingo3@guardian.co.uk,F,ID
Estele,Rangell,erangello4@telegraph.co.uk,F,ID
Des,Tibols,dtibolso5@taobao.com,M,PH
Archer,Gregorace,agregoraceo6@devhub.com,M,US
Justinn,Callf,jcallfo7@deliciousdays.com,F,AM
Xena,Janouch,xjanoucho8@ca.gov,F,AZ
Galen,Gamett,ggametto9@va.gov,M,ID
Lianne,Dearn,ldearnoa@ameblo.jp,F,FR
Borg,Rabley,brableyob@msu.edu,M,CA
Adolf,Bounds,aboundsoc@sun.com,M,RU
Pail,Rickardes,prickardesod@senate.gov,M,PT
Trudy,McKillop,tmckillopoe@irs.gov,F,CN
Shelli,Elsay,selsayof@slate.com,F,FR
Lukas,Bursnoll,lbursnollog@intel.com,M,EC
Clarance,Andreucci,candreuccioh@ustream.tv,M,US
Marys,Sutor,msutoroi@baidu.com,F,ID
Welch,Tulleth,wtullethoj@pinterest.com,M,ID
Ezri,Mundwell,emundwellok@hugedomains.com,M,MX
Katusha,Samsonsen,ksamsonsenol@nifty.com,F,RU
Francesca,Spieck,fspieckom@blogtalkradio.com,F,RU
Ailey,Finey,afineyon@cnet.com,F,HR
Xylina,McDougall,xmcdougalloo@nifty.com,F,NL
Benedikt,Halling,bhallingop@flickr.com,M,JP
Marisa,Tapin,mtapinoq@studiopress.com,F,ID
Ara,Beeres,abeeresor@dell.com,F,GR
Moyna,Rameau,mrameauos@twitpic.com,F,MX
Erie,Dubble,edubbleot@diigo.com,M,CN
Hallsy,MacRitchie,hmacritchieou@imdb.com,M,ID
George,Twallin,gtwallinov@jimdo.com,M,RU
Alysia,Simanenko,asimanenkoow@si.edu,F,ZM
Kali,Jelphs,kjelphsox@xing.com,F,CN
Nannie,Featenby,nfeatenbyoy@github.com,F,TT
Tadeo,Hance,thanceoz@drupal.org,M,FR
Mayor,Saltmarshe,msaltmarshep0@wikipedia.org,M,NG
Helsa,Demangel,hdemangelp1@chron.com,F,CL
Brandon,Worshall,bworshallp2@ebay.com,M,PE
Benedicta,Cottham,bcotthamp3@google.es,F,CN
Dolorita,DeSousa,ddesousap4@alexa.com,F,MC
Bettine,Fish,bfishp5@hao123.com,F,FR
Sandor,Matley,smatleyp6@adobe.com,M,CN
Tyson,Seacroft,tseacroftp7@amazon.co.jp,M,US
Kori,Govenlock,kgovenlockp8@google.pl,F,NL
Lynnelle,Ruddy,lruddyp9@github.com,F,US
Yvonne,Dinnage,ydinnagepa@ow.ly,F,PH
Livvy,Bartak,lbartakpb@last.fm,F,US
Amelie,Milmoe,amilmoepc@foxnews.com,F,PE
Dur,Tuny,dtunypd@indiegogo.com,M,PH
Bernetta,Pude,bpudepe@ibm.com,F,US
Morgun,Marsland,mmarslandpf@reuters.com,M,CN
Briano,Schaben,bschabenpg@narod.ru,M,PE
Barry,Barok,bbarokph@ustream.tv,M,CN
Lonee,Woolbrook,lwoolbrookpi@tiny.cc,F,BR
Valentine,Pettegre,vpettegrepj@ft.com,M,RE
Roderic,Drain,rdrainpk@cyberchimps.com,M,CN
Ingrim,Petrasek,ipetrasekpl@baidu.com,M,AL
Gabriela,Vardie,gvardiepm@soundcloud.com,F,NL
Clint,Lambert-Ciorwyn,clambertciorwynpn@si.edu,M,US
Kaile,Lorryman,klorrymanpo@com.com,F,CN
Rheta,Mapham,rmaphampp@squarespace.com,F,CZ
Hannah,Sturges,hsturgespq@comcast.net,F,CN
Pen,Vuittet,pvuittetpr@dion.ne.jp,M,FR
Oralee,Ibbs,oibbsps@google.co.jp,F,PT
Mady,Ead,meadpt@hubpages.com,F,ID
Sapphira,Leward,slewardpu@miibeian.gov.cn,F,CN
Osmund,Tutill,otutillpv@phoca.cz,M,BR
Berta,Westbury,bwestburypw@indiegogo.com,F,MM
Raven,Cheasman,rcheasmanpx@springer.com,F,HN
Roman,Douty,rdoutypy@youtube.com,M,CZ
Vinny,Flaxon,vflaxonpz@homestead.com,M,SZ
Prescott,Wildman,pwildmanq0@google.ca,M,PL
Augustine,Boxen,aboxenq1@hexun.com,M,ID
Elwood,Winfred,ewinfredq2@dell.com,M,CN
Tamar,Jurisic,tjurisicq3@deviantart.com,F,EG
Vicky,Maddie,vmaddieq4@earthlink.net,F,SE
Arie,Heams,aheamsq5@livejournal.com,M,PT
Inigo,Fenelon,ifenelonq6@tiny.cc,M,SE
Hans,Pawden,hpawdenq7@theguardian.com,M,VN
Heath,Pepperell,hpepperellq8@clickbank.net,F,CZ
Candi,Winkworth,cwinkworthq9@wikipedia.org,F,MM
Kermie,Barney,kbarneyqa@vimeo.com,M,CG
Ban,Huey,bhueyqb@is.gd,M,HR
Claretta,Bagley,cbagleyqc@printfriendly.com,F,PH
Aguie,Acres,aacresqd@engadget.com,M,PL
Donnie,Allcott,dallcottqe@mapquest.com,F,CN
Liuka,Affuso,laffusoqf@over-blog.com,F,CN
Demetris,Bastian,dbastianqg@gravatar.com,M,ID
Cordey,Rathjen,crathjenqh@illinois.edu,F,US
Arvy,Willatt,awillattqi@lycos.com,M,KR
Rees,Graeber,rgraeberqj@elpais.com,M,GR
Leona,Catcheside,lcatchesideqk@ucla.edu,F,SE
Aveline,Maunders,amaundersql@godaddy.com,F,ID
Collen,Corey,ccoreyqm@scribd.com,F,MG
Caro,Laudham,claudhamqn@123-reg.co.uk,F,GH
Normy,Jerschke,njerschkeqo@usa.gov,M,CN
Tabby,Jakubowski,tjakubowskiqp@engadget.com,M,LT
Jephthah,Heffernon,jheffernonqq@gizmodo.com,M,LV
Rhianna,Unitt,runittqr@yale.edu,F,PT
Brett,Ashment,bashmentqs@ed.gov,M,PH
Carly,Asbery,casberyqt@yelp.com,M,CN
Ingmar,Boylund,iboylundqu@timesonline.co.uk,M,RU
Lenka,Thunderman,lthundermanqv@japanpost.jp,F,EC
Blane,Earp,bearpqw@symantec.com,M,ID
Sapphire,Kaas,skaasqx@yale.edu,F,CN
Rodolfo,Geal,rgealqy@skyrock.com,M,CN
Symon,Glasscott,sglasscottqz@cocolog-nifty.com,M,CN
Hope,Anstead,hansteadr0@imdb.com,F,CN
Nita,Cardillo,ncardillor1@europa.eu,F,SE
Tam,Danser,tdanserr2@senate.gov,M,CN
Timothy,Trevear,ttrevearr3@earthlink.net,M,BA
Jefferson,Raincin,jraincinr4@wikispaces.com,M,CN
Priscilla,Nolan,pnolanr5@stanford.edu,F,PT
Ambur,Steanson,asteansonr6@ow.ly,F,CN
Glen,Gottelier,ggottelierr7@devhub.com,F,AR
Fonzie,McCuaig,fmccuaigr8@scribd.com,M,HN
Linn,Sparling,lsparlingr9@vimeo.com,M,CN
Jilleen,Crosscombe,jcrosscombera@flickr.com,F,PT
Fredi,Giovannazzi,fgiovannazzirb@ifeng.com,F,CL
Doroteya,Sunner,dsunnerrc@weibo.com,F,NG
Klarrisa,Guerreiro,kguerreirord@taobao.com,F,FR
Jone,Gaudin,jgaudinre@google.com.br,M,MU
Susan,Di Giorgio,sdigiorgiorf@netvibes.com,F,AF
Gavan,Twiname,gtwinamerg@theglobeandmail.com,M,CN
Shel,Bellison,sbellisonrh@reddit.com,F,SE
Killian,Scryne,kscryneri@reference.com,M,BD
Gaynor,Dewen,gdewenrj@amazon.co.uk,F,PT
Konrad,Randle,krandlerk@squarespace.com,M,PH
Gisele,Tewes,gtewesrl@bandcamp.com,F,UA
Tedda,Kinnane,tkinnanerm@goo.ne.jp,F,GR
Kendall,Puddifer,kpuddiferrn@oaic.gov.au,M,PH
Avigdor,Lehr,alehrro@springer.com,M,CN
Fields,Glander,fglanderrp@bloglines.com,M,BZ
Jessa,Hardi,jhardirq@youtube.com,F,JP
Christian,Tumpane,ctumpanerr@hc360.com,M,CN
